id,idDHIS2
1329,kM65X9dP5WS
1330,YjXr3hgQ7zM
1331,JPZThVJtzl1
1332,VfgP2NqyAv5
1333,zl2e16l2dA7
1334,KROV6LrY8j2
1335,j43a35nIno1
1336,Ci0P4OySWGz
1337,drD7MngmJD1
1338,f4WD7EHWqhU
1339,MgPGSVqQ0xy
1340,DaMkJM4hF0y
1341,SE7ua3imFwx
1342,gVyPXXmmEh6
1343,R9iI89aX5jj
1344,OQ9i0HBUcu4
1345,ODHrXQVESbK
1346,h0nwreBvmyI
1347,WJJkbjdetD1
1348,Rj64cGsYmFt
1349,DqCRkk7x0CV
1350,Mu8GPR5Cmzl
1351,RhAWrhi3zTL
1352,E6xnJpgqmE1
1353,H1nAgbYbNN2
1354,rcuXw4FNSOv
1355,HyqoEFYiJWw
1356,TYUmXUgHSRk
1357,UDZv2Slmm4u
1358,N0MMYcpFeMs
1359,Bh5nObUJhqA
1360,Oyko8r86r9w
1361,DP4dH9HPM8B
1362,JtAQ6SLCKJG
1363,MzrXV1naU6j
1364,HgB9mDVg5AH
1365,wrHFNIrr5HW
1366,i1xnNAyKgGG
1367,WUKZ9vnLyG7
1368,tp5E2fdd9J6
1369,FdhHz5N3E2o
1370,DtALwGrT7vR
1371,e2YYx8XNpJD
1372,FqG9O7Rl41T
1373,kssC5OIumM4
1374,dsajSrAZxMt
1375,hzXwSpvQEqL
1376,gZjEluiI3Qd
1377,abH6ImDzhID
1378,ert9BmM24na
1379,al8uudoffXV
1380,JOOKtw8Lp0C
1381,rWzgMu2jTgc
1382,EutQVtVItjl
1383,D5A8918ucWJ
1384,R21rlk5ynyV
1386,hw0hd2du5LJ
1387,iHISgFBrL4g
1388,YriWthO0uUk
1389,NC4DT9baDYV
1390,BpHPShDuXCi
1391,gcx7MsXj4KK
1392,maE8twIq691
1393,CQLKRMaeIdw
1394,ZMlEzeYsaCI
1395,oivOmoE4eBn
1396,PHDWuA7hewj
1397,m1FdRc7TUPZ
1398,wrBfu73Dd5F
1399,zrP9JTuUrKQ
1400,pj0qMtzCdJU
1401,uELp2HDV6Jm
1402,uPO1HZfTz7f
1403,NJGUUD8ZXlP
1404,HuI7NDhRI9F
1405,GjbCi0BzUUm
1406,QofuzZHTKUV
1407,nOJ24hHvwem
1408,BblO2HuUy07
1409,lGwLFx8lVHt
1410,WwhuivA3Ssx
1411,uqtBeX0fI3P
1412,YFzJ1ZyztRF
1413,GSff1umHFb7
1414,FVy3nWfxJKb
1415,TKRwgCJ1DHJ
1416,OsUWxBoXNqu
1417,poTCvIjlM2h
1418,VGZCjWrZXVg
1419,vETqiErafwA
1420,Vy2gzwnd1yd
1421,LaotWfnewTy
1422,U2yWhodep83
1423,wardRzLjWXk
1424,kvoMvl9Cfmg
1425,OfdJvC0PkGJ
1426,ipSkZ3o2tLU
1427,uELp2HDV6Jm
1428,bJrq3M8r6nC
1429,DunfUMP0htR
1430,imhA39jIws7
1431,YObsSPoWz0O
1432,mizUqCY3TA1
1433,Zl6zJfweTdW
1435,tjnwQX9Ofsy
1436,S5nL3bNKsYS
1437,ZeSXnDUsFGS
1438,yWbQOr3dQl1
1440,uS9dUbgRxjQ
1441,Wd8gPFX6f30
1442,hktHCxBLoDq
1443,K6BdxyZQUAf
1444,v5Yv3bwiOdH
1445,ifdAy4aV9fT
1446,n0E5SadJwYx
1447,Zj2dsgyrhHf
1448,k3Mi1mCHzgO
1449,Xi8kNCZMnKt
1450,bitAVLHFmlK
1451,soRCd3UBuee
1452,S1BAfz97W6K
1453,z2AyLJatKKv
1454,y9rcTqvmTBZ
1455,m36NmjgKeq6
1456,SCulfVu12HH
1457,l4pTW3V6vM8
1458,hyihTs7XeVC
1459,qgK2ocJKbyN
1460,ralhA4s6g7C
1461,OJGCGd9yqy0
1462,uOTKiV4t84w
1463,wD6RW2xNUog
1464,RFqkrJagRrf
1465,jSw8kWpA9GL
1466,Rhiyz3nXObO
1467,bwGQBAKrcRd
1468,bGj0Fv4hhId
1469,SbE3qY8HXQW
1470,GeVDPeyByje
1471,QbemFB0huj4
1472,TfgxMf5xK6z
1473,paUWTWDmr3S
1474,ApHMitUFUpu
1475,jilkezLMuVj
1476,PinOXye5CZW
1477,QIrpoKzpVcn
1478,uUiRQVthQ6F
1479,qc6mpUu66Sl
1480,vBgjrwRUkTu
1481,ISmmVepglKN
1482,toxGdCAXfmY
1483,HKwSgyjxIe2
1484,rHt0eA2ka3b
1485,J99jMwojeFM
1486,RPPMAmun6oV
1487,HAxfcqzYTY2
1488,FQtDWJyMyXw
1489,nVgSTvGxqzs
1490,aIrYyWtG0JZ
1491,ITkqg8ioqzs
1492,ApxAYDMMb7Z
1493,ESmSlD56mJm
1494,cFzHbeVtrcX
1495,bs5o634E0On
1497,d6kSHtHyqVD
1498,kq1bQ6grAYU
1499,WwhuivA3Ssx
1500,KKVyYByItNI
1501,L6YrV7zsqw0
1502,X5VZg3GlTXA
1503,GQzuTgXGQNs
1504,baEbQjPP4A1
1505,QbxXQwfaFo3
1506,EDYmZyTxpiR
1507,EphXBYVPSug
1508,Ij9alWKZ7Vi
1509,lrAqUjVoLIZ
1510,DCWT1Xap6dK
1511,LKvSuU4j4wY
1512,PSPMnhSSgbl
1513,gOK1c5Smnev
1514,laCYbXGU2pv
1515,bVZgXg9qaol
1516,oWNLpHLSDu1
1517,AfKfXoQdQqY
1518,D1PNUgTu12t
1519,p2fo1K7rPRx
1520,dY7MCPrMCGr
1521,n0XfBRgeOl2
1522,SfOHkwEfer2
1523,tvuyrVIHzja
1524,oIRcgNQIHMb
1525,HMA5gBeYhGM
1527,lIucdAMe0VP
1528,oplRFa9TSrf
1529,rUhLHdRSAR4
1530,EK5y93Ks6zK
1531,Sm8gCEtbH2l
1532,ygJ2Qt6S94J
1533,DZLZY4ebVPZ
1534,f3fgNX7tfzX
1535,Bi3hy0HssQa
1536,k72f3eapjIq
1537,LQDdxRnJlWA
1538,YzDlCRuWzJW
1539,VpsRaUkdYMR
1540,mNIntyBN0BT
1541,JglAE1ffwHT
1542,LBaqnRFPeOl
1543,txsFX8gE6sa
1544,QL8UsfQyNQu
1545,OVD3Lxd0LWZ
1546,tlHcaCUYplu
1547,rrWYVraLeNZ
1548,H5cWKIlmM84
1549,RYlN9LSI7hS
1550,oTwqDlg2FVO
1551,fdhfB87hJ6s
1552,wPOknJTIuSl
1553,jt38nFb9Nao
1554,vplTWFkL8jR
1555,iFsNfOvlaFb
1556,hwqhGQbaAx3
1557,QgDGybwwJQ1
1558,Z7wbff4TpEa
1559,m5LtPEwjQPg
1560,mH6TfrrS1X0
1561,O7jK8mkC0pg
1562,VtkBIan9Ueu
1563,evrbgyg9e1L
1564,vLvfEE6ewRQ
1565,Jiz4Fro3HXF
1566,EEP89UQ08xm
1567,RVBoRJYooKd
1568,Ah8kNbFM2G7
1569,r1cAXDMToBm
1570,NPAeEXVObH1
1571,T4YVt2J1EEM
1572,PtzwobWy8RS
1573,LiYfnAp2P0E
1574,Jjdgyyjordl
1575,cOiftjBTEaS
1576,AJbCdZOwxHF
1577,YMefJBrmn4y
1578,XeghT10wRPe
1579,g4qG694Z3Cu
1580,gS9qLI4XpL6
1581,CBeBTYGWEru
1582,XOVnz4HjuB0
1583,ZRk0mZdC4ZR
1584,URgixZT2nxI
1585,dMRp3qr2nLO
1586,yoffldQd0YO
1587,alasgTfw2Kv
1588,rj26APWCwre
1589,Gm17r63t8wC
1590,G7EHQx0UZjy
1591,IkP97HoztF3
1592,jFtZ8NIIsdT
1593,aRObHMfdgjm
1594,RFvw8GS8OXL
1595,t4YNPuq2xhV
1596,w56LPkOgVZ9
1597,k1QbbiPXdyb
1598,OQ3wlyiW1KS
1599,RlAJ6qFo8bg
1600,JtAQ6SLCKJG
1601,Yd6QBVflVjZ
1602,eOazGU11seA
1603,ZTIpaOY3iTB
1604,k6l1HDNajPB
1605,T48ex5I35R4
1606,YwE48KrawWF
1607,LBa3a6dtU5v
1608,mfhDGvNP9rI
1609,V1zbouvJ31N
1610,aKxyFEzUzl5
1611,jwNS648Ny7J
1612,MJJfc6F2ldx
1613,dXB5MOl3TNT
1614,AIFl2JwvDZJ
1615,mCitkPSnRwJ
1616,EwryfoG5tbb
1617,Ph6d03qcthy
1618,Oazusg0REvP
1619,MjNyOBXTTNd
1620,WkbAzeWLlDf
1621,xj8iAPpgl2V
1622,IkPd4Gqo5VA
1623,zMuY5LLScMJ
1624,HIe46hsVw5G
1625,K4DclvO2MI3
1626,Y9xPOTrTxf7
1627,f9Pvq406cC4
1628,X5323Z1Fv9X
1629,Iyyw7eLauwY
1630,Z58crNCBzCq
1631,J3R0MVIeJSd
1632,n9pYyKEb53y
1633,v4j2WPmuRZE
1634,HKUugxQaepN
1635,Rh9oZoXA4JG
1636,VSr23kl3FBN
1637,sPaIYvsgKZu
1638,k7ybvuhWiRB
1639,AaDtmtjtU54
1640,EM8ePkCnyTo
1641,FqIeMGEj0d8
1642,HQBbiz5TRUi
1643,qymd0wHpZ16
1644,W11exkSa9xs
1645,gh9p4BsaLPa
1646,Y049yi8vZRa
1647,bcysFBrcIJr
1648,owtu4KvHfzM
1649,UxfOPpLzT3z
1650,VyzWPHMIrCf
1651,GFmkxhGmczW
1652,eZy0LTVKL5B
1653,lms5oI9yU9o
1654,jWHWj5Sukds
1655,hyjZ5BwjfWB
1656,aFnargN0aRq
1657,rUe1AI1Hl9s
1658,b9uttZeIeG1
1659,mKIpxHkK3xU
1660,LsJFcxbldhK
1661,lbzHzRUFi5k
1662,l9JBmP0NvOb
1663,NdwyFj2ZzPe
1664,bswnlnyzgg3
1665,fSXl8rx3yC3
1666,Y5s7pUycuEw
1667,OJBEsdOw9Gy
1668,yQDBdtF7gur
1669,GWz2YVfi85b
1670,VUEIFpkhHCK
1671,LOGYRBob7AF
1672,rytGLgUQgek
1673,nsklYTvJGRB
1674,byTba5D9bW3
1675,DunfUMP0htR
1676,q9rEWQ5g2UZ
1677,RzzSMPpwGev
1678,ZwZ1a0TxDBv
1679,OgjyT1uhWgd
1680,ItbXtO2V5Rz
1681,dbNBTuAPBe9
1682,rgr7dmaM1zi
1683,F7uFTkGmF5q
1684,zos2iuEFR0V
1685,kCKCobq8f9A
1686,dYfcgFuAhYd
1687,GcAUWeaJr9b
1688,EjTqkEIKzKr
1690,lWIqx6Ek7VK
1691,Y5u3fZyrGmG
1692,KofMNJi0FFG
1693,S4M6TlGpwOO
1694,OTNbPV9sV7T
1695,ovst76gjaXz
1696,S97bAWFJayP
1697,Hk5murA8pRv
1698,SEmnjU9ieyT
1699,Z70t66rXZFF
1700,GAA99po5L7b
1701,bHTQLTGDKYZ
1702,hcObqWRuxLD
1704,hNemwtAVBMb
1705,YLp9AbixaEZ
1706,USjti96cAQp
1707,mWa1vqG2lFN
1708,zY5YJnwONYb
1709,m83HlFYv6up
1710,cp6jRzUoGO3
1711,wS8SjvWbzZg
1712,RV5XFMyAQZq
1713,Rk5nzO7QJWZ
1714,ZTVsIiGWWeP
1715,vjSSLLg2r9f
1716,K56b3gXFBvw
1717,uxCyaGICphR
1718,PtRifZUaWFl
1719,Gm7YRAfw2is
1720,QFRDbryLPvN
1721,VmPmBj2rtUb
1723,Agqx0s0PAzq
1724,SJzgBirqTwl
1725,cjxGIrPUQsk
1726,U16WKukcSVp
1727,b1HKr6RkgEo
1728,GyGqtV8bF1d
1729,qKfSok3tlD0
1730,CIRNUqiMXxo
1731,m1icltdBtNY
1732,i1BbHqH26db
1733,vu71Klsomjc
1734,JdROFC2PCNp
1735,LbeLJqs1fXm
1736,p9jagMhSTCx
1737,V3nyUpdB0PT
1738,d3BcbGMMar6
1739,anZ56sWC5l5
1740,sGoPtbQESWv
1741,zkoZkGZVj3r
1742,p5xjuzz8UZA
1743,stKgHqx8ent
1744,Io2v0J90ZWH
1745,cLQY34IxUlh
1746,D37scsqqBLs
1748,pmDjXPcx6B4
1749,E1ebCbKxJCc
1750,wbkLDoXgzQW
1752,qgE5wMbSBSS
1753,OY8v1qFPmk8
1754,NqlCwU2gdGb
1755,hZ1Y89t0Lyi
1757,l142bHt2JSO
1758,AEx7uGNgg33
1759,lLODQp7NlBI
1761,WoPH8FL0fjN
1762,X36TUCzthgW
1763,MNmQRE0wKCi
1764,qflVNnOZGE7
1766,t960ZbiFmVI
1767,NLUhZWpPnDt
1768,kq9sgvPVuYw
1769,PFR9xVTv7wi
1770,B65pINrhpEe
1772,L8ajZT7mB41
1773,Hfda6YG5Bmm
1774,R23zmdqFeYA
1775,csp7jLvJqce
1776,Rd9yLRbJF82
1778,cHb7VNScszw
1779,LSdejPq33sK
1780,ie3fGBEEPXs
1789,L1Gr2bAsR4T
1790,THgRhO9eF0I
1791,jiGkwTWpBeq
1792,Motdz3Bql7L
1793,pChTVBEAPJJ
1794,cbst9kz3DHp
1795,gHO8qPxfLdl
1796,CoKlGkkiN4a
1797,jIFb011EBWB
1799,qmVkCsfziWM
1800,IPv04VSahDi
1801,GUSZlo8f9t8
1802,VUj3PJpzty8
1803,QZJuFnb2WZ6
1804,Z71gNmPnc22
1805,kVULorkd7Vt
1806,dkWnjo1bSrU
1807,ISZZ5m7PYAC
1808,zmSjEUspuVL
1809,NV92jVGhG5q
1810,XyILV847rS7
1811,C4dKrWoT5au
1812,VyZGMioVY5z
1813,E1AAcXV9PxL
1814,GuePjEvd6OH
1815,zJZspSfD06r
1816,XraGmJ5tF7e
1817,HC3N6HbSdfg
1818,mqBP8r7CwKc
1819,LyGsnnzEabg
1820,ASu054HjT5Y
1821,q1zvw5TOnZF
1822,IPpzTTeRD64
1823,QL7gnB6sSLA
1824,TEjr8hbfz9a
1825,yvJVq1GjI2A
1846,W7Lkn0XGY9z
1847,M0XRmyVQP44
1850,BbYhIckCaix
1851,r0KqoTDJRnB
1852,fERYCZlGFN6
1853,qTRmntG32Mf
1855,Hy63FAPBOU6
1856,zUy4kJaTgha
1857,qoNflHBihaD
1858,D5WJbugzg9L
1859,m9WAXYfxn4U
1860,DBRJWF5cmYI
1863,wceAmBb6aTT
1865,m9WAXYfxn4U
1866,hTqt2x1yAeV
1869,fq9tSC3f0QS
1870,Tr2cfRzLZuY
1877,qTRmntG32Mf
1883,si5tAwftIcL
1884,TKRwgCJ1DHJ
1888,weVLd6pi54j
1893,Sgu8va2LUPU
1894,zUy4kJaTgha
